{"cameraMode":{"drawMode":0,"name":"Shaded","section":"Shading Mode"},"sceneLighting":true,"audioPlay":false,"sceneViewState":{"m_AlwaysRefresh":false,"showFog":true,"showSkybox":true,"showFlares":true,"showImageEffects":true,"showParticleSystems":true,"showVisualEffectGraphs":true,"m_FxEnabled":true},"in2DMode":false,"pivot":{"x":-6.611241817474365,"y":11.687432289123536,"z":33.59181213378906},"rotation":{"x":-0.06623321026563645,"y":0.01846563071012497,"z":-0.0011753980070352555,"w":-0.9973608255386353},"size":25.02819061279297,"orthographic":false}