{"cameraMode":{"drawMode":0,"name":"Shaded","section":"Shading Mode"},"sceneLighting":true,"audioPlay":false,"sceneViewState":{"m_AlwaysRefresh":false,"showFog":true,"showSkybox":true,"showFlares":true,"showImageEffects":true,"showParticleSystems":true,"showVisualEffectGraphs":true,"m_FxEnabled":true},"in2DMode":false,"pivot":{"x":-0.31195998191833498,"y":7.824758052825928,"z":90.51332092285156},"rotation":{"x":-0.024306122213602067,"y":0.00809431727975607,"z":-0.00019667187007144094,"w":-0.9996621608734131},"size":61.02294921875,"orthographic":false}